Date,Combined Price
03/12/2019,0.003140
04/12/2019,0.001770
05/12/2019,0.000710
06/12/2019,0.000560
07/12/2019,0.000380
08/12/2019,0.000330
09/12/2019,0.000390
10/12/2019,0.000290
11/12/2019,0.000250
12/12/2019,0.000270
13/12/2019,0.000280
14/12/2019,0.000260
15/12/2019,0.000220
16/12/2019,0.000220
17/12/2019,0.000190
18/12/2019,0.000150
19/12/2019,0.000160
20/12/2019,0.000110
21/12/2019,0.000130
22/12/2019,0.000090
23/12/2019,0.000130
24/12/2019,0.000120
25/12/2019,0.000120
26/12/2019,0.000120
27/12/2019,0.000100
28/12/2019,0.000100
29/12/2019,0.000140
30/12/2019,0.000090
31/12/2019,0.000070
01/01/2020,0.000080
02/01/2020,0.000080
03/01/2020,0.000070
04/01/2020,0.000070
05/01/2020,0.000060
06/01/2020,0.000060
07/01/2020,0.000070
08/01/2020,0.000090
09/01/2020,0.000090
10/01/2020,0.000090
11/01/2020,0.000100
12/01/2020,0.000100
13/01/2020,0.000100
14/01/2020,0.000100
15/01/2020,0.000110
16/01/2020,0.000100
17/01/2020,0.000100
18/01/2020,0.000100
19/01/2020,0.000100
20/01/2020,0.000100
21/01/2020,0.000110
22/01/2020,0.000110
23/01/2020,0.000110
24/01/2020,0.000110
25/01/2020,0.000120
26/01/2020,0.000120
27/01/2020,0.000140
28/01/2020,0.000140
29/01/2020,0.000160
30/01/2020,0.000160
31/01/2020,0.000170
01/02/2020,0.000190
02/02/2020,0.000240
03/02/2020,0.000300
04/02/2020,0.000370
05/02/2020,0.000400
06/02/2020,0.000460
07/02/2020,0.000450
08/02/2020,0.000440
09/02/2020,0.000400
10/02/2020,0.000400
11/02/2020,0.000360
12/02/2020,0.000360
13/02/2020,0.000370
14/02/2020,0.000350
15/02/2020,0.000350
16/02/2020,0.000310
17/02/2020,0.000270
18/02/2020,0.000260
19/02/2020,0.000300
20/02/2020,0.000290
21/02/2020,0.000290
22/02/2020,0.000300
23/02/2020,0.000320
24/02/2020,0.000320
25/02/2020,0.000310
26/02/2020,0.000290
27/02/2020,0.000260
28/02/2020,0.000260
29/02/2020,0.000260
01/03/2020,0.000240
02/03/2020,0.000240
03/03/2020,0.000260
04/03/2020,0.000250
05/03/2020,0.000250
06/03/2020,0.000250
07/03/2020,0.000260
08/03/2020,0.000260
09/03/2020,0.000220
10/03/2020,0.000230
11/03/2020,0.000250
12/03/2020,0.000250
13/03/2020,0.000170
14/03/2020,0.000280
15/03/2020,0.000250
16/03/2020,0.000300
17/03/2020,0.000310
18/03/2020,0.000380
19/03/2020,0.000380
20/03/2020,0.000430
21/03/2020,0.000460
22/03/2020,0.000490
23/03/2020,0.000450
24/03/2020,0.000500
25/03/2020,0.000510
26/03/2020,0.000480
27/03/2020,0.000490
28/03/2020,0.000450
29/03/2020,0.000460
30/03/2020,0.000430
31/03/2020,0.000460
01/04/2020,0.000460
02/04/2020,0.000480
03/04/2020,0.000500
04/04/2020,0.000490
05/04/2020,0.000500
06/04/2020,0.000500
07/04/2020,0.000590
08/04/2020,0.000580
09/04/2020,0.000590
10/04/2020,0.000590
11/04/2020,0.000570
12/04/2020,0.000570
13/04/2020,0.000570
14/04/2020,0.000550
15/04/2020,0.000590
16/04/2020,0.000570
17/04/2020,0.000690
18/04/2020,0.000730
19/04/2020,0.001420
20/04/2020,0.001600
21/04/2020,0.001890
22/04/2020,0.002470
23/04/2020,0.002820
24/04/2020,0.002500
25/04/2020,0.001930
26/04/2020,0.002740
27/04/2020,0.002800
28/04/2020,0.002680
29/04/2020,0.003110
30/04/2020,0.003460
01/05/2020,0.004200
02/05/2020,0.004620
03/05/2020,0.004820
04/05/2020,0.004410
05/05/2020,0.005260
06/05/2020,0.005510
07/05/2020,0.005630
08/05/2020,0.005510
09/05/2020,0.004920
10/05/2020,0.005810
11/05/2020,0.005660
12/05/2020,0.005600
13/05/2020,0.005740
14/05/2020,0.006190
15/05/2020,0.005830
16/05/2020,0.005730
17/05/2020,0.004970
18/05/2020,0.004650
19/05/2020,0.003470
20/05/2020,0.003980
21/05/2020,0.003570
22/05/2020,0.003680
23/05/2020,0.003850
24/05/2020,0.003880
25/05/2020,0.004120
26/05/2020,0.004530
27/05/2020,0.004710
28/05/2020,0.004850
29/05/2020,0.004870
30/05/2020,0.005040
31/05/2020,0.004550
01/06/2020,0.004780
02/06/2020,0.003630
03/06/2020,0.004140
04/06/2020,0.004140
05/06/2020,0.003870
06/06/2020,0.003390
07/06/2020,0.003410
08/06/2020,0.003040
09/06/2020,0.003840
10/06/2020,0.003960
11/06/2020,0.003810
12/06/2020,0.003760
13/06/2020,0.003570
14/06/2020,0.003300
15/06/2020,0.003190
16/06/2020,0.003210
17/06/2020,0.003290
18/06/2020,0.003240
19/06/2020,0.003190
20/06/2020,0.003260
21/06/2020,0.003130
22/06/2020,0.003250
23/06/2020,0.003220
24/06/2020,0.003080
25/06/2020,0.003010
26/06/2020,0.002870
27/06/2020,0.002820
28/06/2020,0.002900
29/06/2020,0.003020
30/06/2020,0.003140
01/07/2020,0.003510
02/07/2020,0.003330
03/07/2020,0.003270
04/07/2020,0.003380
05/07/2020,0.003250
06/07/2020,0.003490
07/07/2020,0.003430
08/07/2020,0.003650
09/07/2020,0.003680
10/07/2020,0.003620
11/07/2020,0.003510
12/07/2020,0.003700
13/07/2020,0.003690
14/07/2020,0.003660
15/07/2020,0.003540
16/07/2020,0.003520
17/07/2020,0.003520
18/07/2020,0.003710
19/07/2020,0.003850
20/07/2020,0.003730
21/07/2020,0.003860
22/07/2020,0.004390
23/07/2020,0.004450
24/07/2020,0.004300
25/07/2020,0.004680
26/07/2020,0.004670
27/07/2020,0.005830
28/07/2020,0.005710
29/07/2020,0.005750
30/07/2020,0.005810
31/07/2020,0.004150
01/08/2020,0.004820
02/08/2020,0.004280
03/08/2020,0.004290
04/08/2020,0.003980
05/08/2020,0.004050
06/08/2020,0.004220
07/08/2020,0.003880
08/08/2020,0.003950
09/08/2020,0.003720
10/08/2020,0.003390
11/08/2020,0.003180
12/08/2020,0.002990
13/08/2020,0.002820
14/08/2020,0.002670
15/08/2020,0.002660
16/08/2020,0.003060
17/08/2020,0.002830
18/08/2020,0.002880
19/08/2020,0.002690
20/08/2020,0.003010
21/08/2020,0.002810
22/08/2020,0.002900
23/08/2020,0.002990
24/08/2020,0.003550
25/08/2020,0.003200
26/08/2020,0.003090
27/08/2020,0.003000
28/08/2020,0.003230
29/08/2020,0.002950
30/08/2020,0.002960
31/08/2020,0.002760
01/09/2020,0.002890
02/09/2020,0.002580
03/09/2020,0.002350
04/09/2020,0.002400
05/09/2020,0.002260
06/09/2020,0.002440
07/09/2020,0.002320
08/09/2020,0.002410
09/09/2020,0.002860
10/09/2020,0.002790
11/09/2020,0.002770
12/09/2020,0.002880
13/09/2020,0.002600
14/09/2020,0.002250
15/09/2020,0.002360
16/09/2020,0.002440
17/09/2020,0.003090
18/09/2020,0.003060
19/09/2020,0.003690
20/09/2020,0.003900
21/09/2020,0.003910
22/09/2020,0.003810
23/09/2020,0.003200
24/09/2020,0.003610
25/09/2020,0.003790
26/09/2020,0.004010
27/09/2020,0.004430
28/09/2020,0.004070
29/09/2020,0.004050
30/09/2020,0.004030
01/10/2020,0.003800
02/10/2020,0.003820
03/10/2020,0.003960
04/10/2020,0.004070
05/10/2020,0.003960
06/10/2020,0.003640
07/10/2020,0.004080
08/10/2020,0.004200
09/10/2020,0.004230
10/10/2020,0.004460
11/10/2020,0.004070
12/10/2020,0.004080
13/10/2020,0.004130
14/10/2020,0.004000
15/10/2020,0.004200
16/10/2020,0.004170
17/10/2020,0.004260
18/10/2020,0.004410
19/10/2020,0.004660
20/10/2020,0.005220
21/10/2020,0.005180
22/10/2020,0.005660
23/10/2020,0.006540
24/10/2020,0.007190
25/10/2020,0.008550
26/10/2020,0.008090
27/10/2020,0.008210
28/10/2020,0.009520
29/10/2020,0.009430
30/10/2020,0.011360
31/10/2020,0.013700
01/11/2020,0.014870
02/11/2020,0.013500
03/11/2020,0.011840
04/11/2020,0.011890
05/11/2020,0.009320
06/11/2020,0.009250
07/11/2020,0.008110
08/11/2020,0.007330
09/11/2020,0.009360
10/11/2020,0.008070
11/11/2020,0.009060
12/11/2020,0.009000
13/11/2020,0.009410
14/11/2020,0.008730
15/11/2020,0.008660
16/11/2020,0.008970
17/11/2020,0.006920
18/11/2020,0.006770
19/11/2020,0.005050
20/11/2020,0.003540
21/11/2020,0.004430
22/11/2020,0.004130
23/11/2020,0.004180
24/11/2020,0.003450
25/11/2020,0.003220
26/11/2020,0.003250
27/11/2020,0.003260
28/11/2020,0.004260
29/11/2020,0.004300
30/11/2020,0.004650
01/12/2020,0.004470
02/12/2020,0.004330
03/12/2020,0.004200
04/12/2020,0.003540
05/12/2020,0.003630
06/12/2020,0.003480
07/12/2020,0.003590
08/12/2020,0.003340
09/12/2020,0.003780
10/12/2020,0.004000
11/12/2020,0.003970
12/12/2020,0.004650
13/12/2020,0.004880
14/12/2020,0.004550
15/12/2020,0.004600
16/12/2020,0.005000
17/12/2020,0.005920
18/12/2020,0.005520
19/12/2020,0.005500
20/12/2020,0.005420
21/12/2020,0.005470
22/12/2020,0.005490
23/12/2020,0.005220
24/12/2020,0.005820
25/12/2020,0.006680
26/12/2020,0.006470
27/12/2020,0.006780
28/12/2020,0.008600
29/12/2020,0.008960
30/12/2020,0.009280
31/12/2020,0.017430
01/01/2021,0.013270
02/01/2021,0.011940
03/01/2021,0.012040
04/01/2021,0.012790
05/01/2021,0.012690
06/01/2021,0.012610
07/01/2021,0.013010
08/01/2021,0.012420
09/01/2021,0.012390
10/01/2021,0.011430
11/01/2021,0.010140
12/01/2021,0.010060
13/01/2021,0.010320
14/01/2021,0.010690
15/01/2021,0.010110
16/01/2021,0.008960
17/01/2021,0.008240
18/01/2021,0.008740
19/01/2021,0.008570
20/01/2021,0.009020
21/01/2021,0.007510
22/01/2021,0.007650
23/01/2021,0.007850
24/01/2021,0.008320
25/01/2021,0.007710
26/01/2021,0.007840
27/01/2021,0.007800
28/01/2021,0.007880
29/01/2021,0.007930
30/01/2021,0.007850
31/01/2021,0.007410
01/02/2021,0.006900
02/02/2021,0.007900
03/02/2021,0.009900
04/02/2021,0.008960
05/02/2021,0.009670
06/02/2021,0.009880
07/02/2021,0.010220
08/02/2021,0.010580
09/02/2021,0.012160
10/02/2021,0.013170
11/02/2021,0.012560
12/02/2021,0.012500
13/02/2021,0.011540
14/02/2021,0.010740
15/02/2021,0.009890
16/02/2021,0.010540
17/02/2021,0.010610
18/02/2021,0.009910
19/02/2021,0.009170
20/02/2021,0.009290
21/02/2021,0.009210
22/02/2021,0.008310
23/02/2021,0.008080
24/02/2021,0.008400
25/02/2021,0.008380
26/02/2021,0.007990
27/02/2021,0.009360
28/02/2021,0.008300
01/03/2021,0.008710
02/03/2021,0.008550
03/03/2021,0.009190
04/03/2021,0.009040
05/03/2021,0.008780
06/03/2021,0.008480
07/03/2021,0.008880
08/03/2021,0.008570
09/03/2021,0.008770
10/03/2021,0.008420
11/03/2021,0.008820
12/03/2021,0.009060
13/03/2021,0.010050
14/03/2021,0.009460
15/03/2021,0.011000
16/03/2021,0.011520
17/03/2021,0.012330
18/03/2021,0.012770
19/03/2021,0.011360
20/03/2021,0.011930
21/03/2021,0.011510
22/03/2021,0.011780
23/03/2021,0.012060
24/03/2021,0.013570
25/03/2021,0.013840
26/03/2021,0.014870
27/03/2021,0.016460
28/03/2021,0.016390
29/03/2021,0.015570
30/03/2021,0.017180
31/03/2021,0.017890
01/04/2021,0.017570
02/04/2021,0.016950
03/04/2021,0.017330
04/04/2021,0.019320
05/04/2021,0.019220
06/04/2021,0.020480
07/04/2021,0.020310
08/04/2021,0.021420
09/04/2021,0.021030
10/04/2021,0.018980
11/04/2021,0.019750
12/04/2021,0.019200
13/04/2021,0.018770
14/04/2021,0.018250
15/04/2021,0.018840
16/04/2021,0.018750
17/04/2021,0.017660
18/04/2021,0.017090
19/04/2021,0.016380
20/04/2021,0.016980
21/04/2021,0.016810
22/04/2021,0.017650
23/04/2021,0.016910
24/04/2021,0.015930
25/04/2021,0.015530
26/04/2021,0.015640
27/04/2021,0.014360
28/04/2021,0.015740
29/04/2021,0.016400
30/04/2021,0.017540
01/05/2021,0.020240
02/05/2021,0.020160
03/05/2021,0.021420
04/05/2021,0.023940
05/05/2021,0.029260
06/05/2021,0.025820
07/05/2021,0.031770
08/05/2021,0.033550
09/05/2021,0.038900
10/05/2021,0.044860
11/05/2021,0.050180
12/05/2021,0.056640
13/05/2021,0.064290
14/05/2021,0.062520
15/05/2021,0.053130
16/05/2021,0.053450
17/05/2021,0.049270
18/05/2021,0.054070
19/05/2021,0.042960
20/05/2021,0.048320
21/05/2021,0.049150
22/05/2021,0.046880
23/05/2021,0.039720
24/05/2021,0.045740
25/05/2021,0.049490
26/05/2021,0.057470
27/05/2021,0.062460
28/05/2021,0.059430
29/05/2021,0.053730
30/05/2021,0.053090
31/05/2021,0.052710
01/06/2021,0.054490
02/06/2021,0.055550
03/06/2021,0.054850
04/06/2021,0.060250
05/06/2021,0.057810
06/06/2021,0.059560
07/06/2021,0.056830
08/06/2021,0.059990
09/06/2021,0.065900
10/06/2021,0.071960
11/06/2021,0.079290
12/06/2021,0.081700
13/06/2021,0.084600
14/06/2021,0.093850
15/06/2021,0.090800
16/06/2021,0.084110
17/06/2021,0.091110
18/06/2021,0.097110
19/06/2021,0.094890
20/06/2021,0.092520
21/06/2021,0.078680
22/06/2021,0.079010
23/06/2021,0.080410
24/06/2021,0.078150
25/06/2021,0.074710
26/06/2021,0.069210
27/06/2021,0.074970
28/06/2021,0.080500
29/06/2021,0.083410
30/06/2021,0.083970
01/07/2021,0.075320
02/07/2021,0.079700
03/07/2021,0.085370
04/07/2021,0.087560
05/07/2021,0.086820
06/07/2021,0.085420
07/07/2021,0.085020
08/07/2021,0.082310
09/07/2021,0.084890
10/07/2021,0.084340
11/07/2021,0.086570
12/07/2021,0.085710
13/07/2021,0.115480
14/07/2021,0.122320
15/07/2021,0.169560
16/07/2021,0.157610
17/07/2021,0.165970
18/07/2021,0.148670
19/07/2021,0.157990
20/07/2021,0.133490
21/07/2021,0.148120
22/07/2021,0.136030
23/07/2021,0.142630
24/07/2021,0.144460
25/07/2021,0.134390
26/07/2021,0.122220
27/07/2021,0.135370
28/07/2021,0.131910
29/07/2021,0.128750
30/07/2021,0.116530
31/07/2021,0.125660
01/08/2021,0.122800
02/08/2021,0.117580
03/08/2021,0.141750
04/08/2021,0.146170
05/08/2021,0.145240
06/08/2021,0.116010
07/08/2021,0.128090
08/08/2021,0.129930
09/08/2021,0.128440
10/08/2021,0.120660
11/08/2021,0.131300
12/08/2021,0.138100
13/08/2021,0.149370
14/08/2021,0.155730
15/08/2021,0.161260
16/08/2021,0.162630
17/08/2021,0.173460
18/08/2021,0.182590
19/08/2021,0.177140
20/08/2021,0.173630
21/08/2021,0.188470
22/08/2021,0.180940
23/08/2021,0.178760
24/08/2021,0.181900
25/08/2021,0.184590
26/08/2021,0.199090
27/08/2021,0.228970
28/08/2021,0.236210
29/08/2021,0.222090
30/08/2021,0.243520
31/08/2021,0.255230
01/09/2021,0.260330
02/09/2021,0.282890
03/09/2021,0.285770
04/09/2021,0.355100
05/09/2021,0.350900
06/09/2021,0.392890
07/09/2021,0.398130
08/09/2021,0.437820
09/09/2021,0.454680
10/09/2021,0.454940
11/09/2021,0.450730
12/09/2021,0.401490
13/09/2021,0.362120
14/09/2021,0.380380
15/09/2021,0.389490
16/09/2021,0.385820
17/09/2021,0.420380
18/09/2021,0.483150
19/09/2021,0.460640
20/09/2021,0.427740
21/09/2021,0.409630
22/09/2021,0.420490
23/09/2021,0.472920
24/09/2021,0.472900
25/09/2021,0.463120
26/09/2021,0.446840
27/09/2021,0.432750
28/09/2021,0.392450
29/09/2021,0.407360
30/09/2021,0.395340
01/10/2021,0.458590
02/10/2021,0.411680
03/10/2021,0.417750
04/10/2021,0.412760
05/10/2021,0.386880
06/10/2021,0.378900
07/10/2021,0.383410
08/10/2021,0.407090
09/10/2021,0.429030
10/10/2021,0.420670
11/10/2021,0.402610
12/10/2021,0.383160
13/10/2021,0.364630
14/10/2021,0.368990
15/10/2021,0.328490
16/10/2021,0.294550
17/10/2021,0.282590
18/10/2021,0.269040
19/10/2021,0.320900
20/10/2021,0.299390
21/10/2021,0.282200
22/10/2021,0.307110
23/10/2021,0.329390
24/10/2021,0.313480
25/10/2021,0.301040
26/10/2021,0.279080
27/10/2021,0.253430
28/10/2021,0.254120
29/10/2021,0.226780
30/10/2021,0.218650
31/10/2021,0.229290
01/11/2021,0.218350
02/11/2021,0.228550
03/11/2021,0.223180
04/11/2021,0.205790
05/11/2021,0.209670
06/11/2021,0.188000
07/11/2021,0.177710
08/11/2021,0.168270
09/11/2021,0.185580
10/11/2021,0.183120
11/11/2021,0.240970
12/11/2021,0.274660
13/11/2021,0.268550
14/11/2021,0.244410
15/11/2021,0.233570
16/11/2021,0.206510
17/11/2021,0.206280
18/11/2021,0.217410
19/11/2021,0.203410
20/11/2021,0.211120
21/11/2021,0.192550
22/11/2021,0.187220
23/11/2021,0.182740
24/11/2021,0.175420
25/11/2021,0.206270
26/11/2021,0.190510
27/11/2021,0.179640
28/11/2021,0.170730
29/11/2021,0.182970
30/11/2021,0.171110
01/12/2021,0.178090
02/12/2021,0.180070
03/12/2021,0.172440
04/12/2021,0.166320
05/12/2021,0.154030
06/12/2021,0.142840
07/12/2021,0.135390
08/12/2021,0.132570
09/12/2021,0.140350
10/12/2021,0.134680
11/12/2021,0.159750
12/12/2021,0.153980
13/12/2021,0.162430
14/12/2021,0.193250
15/12/2021,0.220440
16/12/2021,0.231840
17/12/2021,0.195600
18/12/2021,0.222270
19/12/2021,0.246120
20/12/2021,0.276360
21/12/2021,0.299190
22/12/2021,0.276140
23/12/2021,0.296320
24/12/2021,0.314990
25/12/2021,0.302070
26/12/2021,0.288330
27/12/2021,0.301320
28/12/2021,0.291330
29/12/2021,0.334920
30/12/2021,0.316420
31/12/2021,0.284630
01/01/2022,0.239130
02/01/2022,0.215530
03/01/2022,0.244970
04/01/2022,0.241800
05/01/2022,0.197910
06/01/2022,0.213510
07/01/2022,0.222600
08/01/2022,0.253770
09/01/2022,0.239130
10/01/2022,0.232480
11/01/2022,0.229710
12/01/2022,0.228170
13/01/2022,0.243360
14/01/2022,0.247280
15/01/2022,0.249340
16/01/2022,0.237000
17/01/2022,0.210700
18/01/2022,0.204910
19/01/2022,0.210530
20/01/2022,0.212080
21/01/2022,0.177430
22/01/2022,0.176640
23/01/2022,0.192850
24/01/2022,0.183730
25/01/2022,0.192900
26/01/2022,0.184420
27/01/2022,0.186640
28/01/2022,0.183960
29/01/2022,0.179040
30/01/2022,0.188050
31/01/2022,0.179560
01/02/2022,0.181500
02/02/2022,0.180750
03/02/2022,0.186180
04/02/2022,0.195920
05/02/2022,0.207550
06/02/2022,0.208120
07/02/2022,0.217720
08/02/2022,0.206140
09/02/2022,0.203280
10/02/2022,0.207960
11/02/2022,0.206660
12/02/2022,0.207470
13/02/2022,0.201680
14/02/2022,0.199610
15/02/2022,0.204450
16/02/2022,0.194890
17/02/2022,0.187850
18/02/2022,0.173700
19/02/2022,0.178070
20/02/2022,0.157560
21/02/2022,0.159920
22/02/2022,0.147150
23/02/2022,0.149510
24/02/2022,0.136120
25/02/2022,0.156440
26/02/2022,0.156900
27/02/2022,0.139750
28/02/2022,0.145180
01/03/2022,0.140830
02/03/2022,0.126530
03/03/2022,0.125200
04/03/2022,0.116490
05/03/2022,0.113510
06/03/2022,0.116310
07/03/2022,0.111700
08/03/2022,0.108600
09/03/2022,0.136070
10/03/2022,0.139480
11/03/2022,0.122500
12/03/2022,0.128230
13/03/2022,0.119260
14/03/2022,0.110040
15/03/2022,0.105600
16/03/2022,0.115460
17/03/2022,0.117570
18/03/2022,0.117720
19/03/2022,0.121000
20/03/2022,0.116290
21/03/2022,0.116900
22/03/2022,0.114630
23/03/2022,0.120680
24/03/2022,0.136040
25/03/2022,0.138920
26/03/2022,0.147460
27/03/2022,0.157650
28/03/2022,0.158590
29/03/2022,0.147330
30/03/2022,0.158030
31/03/2022,0.156110
01/04/2022,0.155140
02/04/2022,0.155090
03/04/2022,0.157960
04/04/2022,0.148130
05/04/2022,0.145270
06/04/2022,0.129720
07/04/2022,0.134800
08/04/2022,0.129770
09/04/2022,0.136660
10/04/2022,0.131420
11/04/2022,0.119240
12/04/2022,0.117710
13/04/2022,0.120200
14/04/2022,0.120860
15/04/2022,0.133910
16/04/2022,0.136580
17/04/2022,0.128680
18/04/2022,0.121000
19/04/2022,0.122590
20/04/2022,0.130560
21/04/2022,0.129940
22/04/2022,0.126600
23/04/2022,0.130460
24/04/2022,0.130430
25/04/2022,0.126760
26/04/2022,0.131370
27/04/2022,0.144130
28/04/2022,0.150060
29/04/2022,0.175060
30/04/2022,0.172130
01/05/2022,0.162370
02/05/2022,0.175930
03/05/2022,0.179870
04/05/2022,0.199360
05/05/2022,0.177560
06/05/2022,0.184730
07/05/2022,0.183540
08/05/2022,0.173120
09/05/2022,0.146750
10/05/2022,0.158780
11/05/2022,0.135510
12/05/2022,0.129730
13/05/2022,0.129330
14/05/2022,0.131030
15/05/2022,0.145670
16/05/2022,0.115870
17/05/2022,0.122240
18/05/2022,0.109540
19/05/2022,0.109090
20/05/2022,0.109030
21/05/2022,0.111200
22/05/2022,0.099320
23/05/2022,0.082800
24/05/2022,0.082690
25/05/2022,0.078250
26/05/2022,0.066400
27/05/2022,0.063030
28/05/2022,0.080830
29/05/2022,0.070610
30/05/2022,0.083090
31/05/2022,0.080890
01/06/2022,0.067040
02/06/2022,0.067610
03/06/2022,0.057050
04/06/2022,0.056330
05/06/2022,0.049680
06/06/2022,0.054320
07/06/2022,0.060110
08/06/2022,0.054660
09/06/2022,0.052210
10/06/2022,0.048500
11/06/2022,0.041290
12/06/2022,0.037320
13/06/2022,0.031600
14/06/2022,0.034360
15/06/2022,0.038420
16/06/2022,0.032550
17/06/2022,0.032600
18/06/2022,0.031610
19/06/2022,0.034390
20/06/2022,0.038600
21/06/2022,0.041470
22/06/2022,0.039750
23/06/2022,0.044510
24/06/2022,0.048880
25/06/2022,0.055930
26/06/2022,0.045490
27/06/2022,0.042410
28/06/2022,0.037380
29/06/2022,0.037620
30/06/2022,0.036680
01/07/2022,0.038860
02/07/2022,0.036950
03/07/2022,0.034200
04/07/2022,0.038130
05/07/2022,0.034890
06/07/2022,0.037870
07/07/2022,0.039040
08/07/2022,0.036830
09/07/2022,0.038690
10/07/2022,0.036950
11/07/2022,0.035320
12/07/2022,0.034530
13/07/2022,0.036720
14/07/2022,0.037510
15/07/2022,0.037890
16/07/2022,0.040180
17/07/2022,0.038030
18/07/2022,0.040540
19/07/2022,0.044800
20/07/2022,0.041450
21/07/2022,0.041860
22/07/2022,0.041780
23/07/2022,0.041320
24/07/2022,0.041540
25/07/2022,0.042400
26/07/2022,0.045000
27/07/2022,0.047820
28/07/2022,0.047730
29/07/2022,0.049440
30/07/2022,0.052630
31/07/2022,0.049200
01/08/2022,0.048160
02/08/2022,0.045220
03/08/2022,0.047580
04/08/2022,0.047270
05/08/2022,0.050020
06/08/2022,0.051360
07/08/2022,0.051170
08/08/2022,0.052880
09/08/2022,0.054840
10/08/2022,0.059540
11/08/2022,0.059530
12/08/2022,0.062830
13/08/2022,0.067370
14/08/2022,0.068290
15/08/2022,0.064040
16/08/2022,0.059220
17/08/2022,0.058610
18/08/2022,0.052160
19/08/2022,0.038950
20/08/2022,0.042670
21/08/2022,0.049120
22/08/2022,0.048650
23/08/2022,0.049440
24/08/2022,0.050960
25/08/2022,0.050820
26/08/2022,0.045770
27/08/2022,0.041900
28/08/2022,0.040000
29/08/2022,0.041840
30/08/2022,0.040770
31/08/2022,0.040120
01/09/2022,0.040180
02/09/2022,0.042140
03/09/2022,0.042620
04/09/2022,0.042670
05/09/2022,0.041990
06/09/2022,0.040100
07/09/2022,0.040720
08/09/2022,0.039300
09/09/2022,0.039990
10/09/2022,0.039680
11/09/2022,0.039420
12/09/2022,0.040040
13/09/2022,0.037010
14/09/2022,0.036710
15/09/2022,0.034420
16/09/2022,0.033540
17/09/2022,0.035010
18/09/2022,0.032710
19/09/2022,0.031750
20/09/2022,0.030700
21/09/2022,0.030840
22/09/2022,0.031840
23/09/2022,0.031640
24/09/2022,0.032790
25/09/2022,0.033570
26/09/2022,0.032970
27/09/2022,0.032940
28/09/2022,0.033910
29/09/2022,0.033610
30/09/2022,0.034400
01/10/2022,0.033030
02/10/2022,0.032310
03/10/2022,0.033680
04/10/2022,0.034420
05/10/2022,0.033050
06/10/2022,0.033190
07/10/2022,0.033190
08/10/2022,0.032630
09/10/2022,0.033230
10/10/2022,0.032590
11/10/2022,0.032120
12/10/2022,0.032160
13/10/2022,0.032350
14/10/2022,0.031590
15/10/2022,0.031040
16/10/2022,0.031670
17/10/2022,0.032410
18/10/2022,0.032550
19/10/2022,0.031990
20/10/2022,0.031960
21/10/2022,0.031820
22/10/2022,0.033680
23/10/2022,0.035910
24/10/2022,0.040030
25/10/2022,0.041920
26/10/2022,0.047200
27/10/2022,0.042610
28/10/2022,0.044420
29/10/2022,0.045670
30/10/2022,0.043660
31/10/2022,0.042380
01/11/2022,0.043830
02/11/2022,0.039910
03/11/2022,0.038640
04/11/2022,0.042080
05/11/2022,0.038940
06/11/2022,0.036550
07/11/2022,0.032750
08/11/2022,0.031360
09/11/2022,0.030870
10/11/2022,0.034330
11/11/2022,0.034430
12/11/2022,0.033750
13/11/2022,0.032590
14/11/2022,0.032710
15/11/2022,0.032900
16/11/2022,0.032170
17/11/2022,0.030780
18/11/2022,0.031080
19/11/2022,0.030990
20/11/2022,0.029060
21/11/2022,0.026480
22/11/2022,0.027490
23/11/2022,0.027590
24/11/2022,0.028330
25/11/2022,0.027600
26/11/2022,0.027040
27/11/2022,0.026560
28/11/2022,0.024970
29/11/2022,0.026890
30/11/2022,0.029150
01/12/2022,0.030520
02/12/2022,0.031310
03/12/2022,0.029720
04/12/2022,0.029810
05/12/2022,0.028550
06/12/2022,0.028660
07/12/2022,0.028130
08/12/2022,0.029600
09/12/2022,0.028590
10/12/2022,0.028750
11/12/2022,0.027970
12/12/2022,0.027110
13/12/2022,0.028360
14/12/2022,0.027940
15/12/2022,0.026490
16/12/2022,0.024950
17/12/2022,0.025250
18/12/2022,0.025900
19/12/2022,0.024390
20/12/2022,0.024620
21/12/2022,0.024460
22/12/2022,0.023890
23/12/2022,0.022510
24/12/2022,0.022380
25/12/2022,0.022100
26/12/2022,0.022110
27/12/2022,0.020190
28/12/2022,0.019070
29/12/2022,0.018180
30/12/2022,0.018800
31/12/2022,0.018740
01/01/2023,0.019180
02/01/2023,0.018300
03/01/2023,0.017910
04/01/2023,0.019160
05/01/2023,0.021710
06/01/2023,0.024690
07/01/2023,0.023590
08/01/2023,0.022930
09/01/2023,0.024670
10/01/2023,0.021650
11/01/2023,0.021450
12/01/2023,0.024510
13/01/2023,0.026270
14/01/2023,0.025860
15/01/2023,0.026560
16/01/2023,0.027730
17/01/2023,0.026910
18/01/2023,0.024100
19/01/2023,0.023840
20/01/2023,0.024610
21/01/2023,0.024940
22/01/2023,0.022990
23/01/2023,0.024450
24/01/2023,0.024410
25/01/2023,0.026410
26/01/2023,0.026420
27/01/2023,0.027420
28/01/2023,0.025970
29/01/2023,0.027730
30/01/2023,0.025250
31/01/2023,0.027120
01/02/2023,0.031680
02/02/2023,0.031530
03/02/2023,0.040750
04/02/2023,0.040010
05/02/2023,0.038490
06/02/2023,0.040670
07/02/2023,0.044760
08/02/2023,0.053620
09/02/2023,0.042110
10/02/2023,0.046680
11/02/2023,0.049720
12/02/2023,0.046630
13/02/2023,0.047180
14/02/2023,0.049400
15/02/2023,0.054020
16/02/2023,0.051420
17/02/2023,0.054970
18/02/2023,0.053970
19/02/2023,0.061640
20/02/2023,0.067200
21/02/2023,0.059950
22/02/2023,0.063170
23/02/2023,0.062940
24/02/2023,0.060020
25/02/2023,0.059230
26/02/2023,0.059280
27/02/2023,0.062630
28/02/2023,0.066970
01/03/2023,0.076970
02/03/2023,0.075040
03/03/2023,0.069850
04/03/2023,0.065350
05/03/2023,0.068350
06/03/2023,0.069610
07/03/2023,0.064870
08/03/2023,0.058860
09/03/2023,0.056520
10/03/2023,0.056670
11/03/2023,0.068840
12/03/2023,0.079140
13/03/2023,0.082650
14/03/2023,0.083690
15/03/2023,0.079680
16/03/2023,0.081280
17/03/2023,0.090000
18/03/2023,0.084570
19/03/2023,0.087030
20/03/2023,0.085160
21/03/2023,0.098330
22/03/2023,0.117840
23/03/2023,0.106410
24/03/2023,0.092220
25/03/2023,0.083340
26/03/2023,0.093170
27/03/2023,0.078200
28/03/2023,0.076560
29/03/2023,0.085890
30/03/2023,0.090870
31/03/2023,0.087590
01/04/2023,0.078670
02/04/2023,0.081340
03/04/2023,0.077690
04/04/2023,0.077920
05/04/2023,0.081120
06/04/2023,0.068920
07/04/2023,0.070920
08/04/2023,0.068320
09/04/2023,0.073020
10/04/2023,0.077640
11/04/2023,0.071680
12/04/2023,0.072760
13/04/2023,0.074930
14/04/2023,0.073530
15/04/2023,0.078690
16/04/2023,0.076470
17/04/2023,0.069530
18/04/2023,0.067460
19/04/2023,0.068620
20/04/2023,0.063340
21/04/2023,0.060150
22/04/2023,0.061400
23/04/2023,0.064460
24/04/2023,0.058480
25/04/2023,0.061030
26/04/2023,0.057230
27/04/2023,0.053650
28/04/2023,0.057910
29/04/2023,0.050820
30/04/2023,0.051400
01/05/2023,0.050200
02/05/2023,0.056810
03/05/2023,0.062350
04/05/2023,0.063650
05/05/2023,0.065730
06/05/2023,0.058210
07/05/2023,0.065020
08/05/2023,0.059830
09/05/2023,0.058240
10/05/2023,0.066930
11/05/2023,0.058490
12/05/2023,0.054190
13/05/2023,0.032970
14/05/2023,0.028410
15/05/2023,0.030770
16/05/2023,0.051344
17/05/2023,0.034908
18/05/2023,0.045452
19/05/2023,0.055641
20/05/2023,0.064735
21/05/2023,0.055419
22/05/2023,0.047666
23/05/2023,0.046682
24/05/2023,0.040643
25/05/2023,0.035827
26/05/2023,0.034914
27/05/2023,0.031795
28/05/2023,0.029723
29/05/2023,0.034759
30/05/2023,0.027633
31/05/2023,0.025844
01/06/2023,0.028228
02/06/2023,0.032570
03/06/2023,0.031959
04/06/2023,0.031603
05/06/2023,0.028030
06/06/2023,0.027209
07/06/2023,0.024967
08/06/2023,0.022494
09/06/2023,0.020709
10/06/2023,0.020068
11/06/2023,0.021067
12/06/2023,0.018818
13/06/2023,0.018560
14/06/2023,0.017313
15/06/2023,0.019261
16/06/2023,0.023033
17/06/2023,0.023384
18/06/2023,0.022694
19/06/2023,0.021084
20/06/2023,0.022869
21/06/2023,0.023477
22/06/2023,0.022108
23/06/2023,0.022446
24/06/2023,0.021561
25/06/2023,0.021423
26/06/2023,0.020674
27/06/2023,0.020115
28/06/2023,0.019680
29/06/2023,0.020001
30/06/2023,0.023346
01/07/2023,0.021481
02/07/2023,0.020820
03/07/2023,0.023057
04/07/2023,0.022099
05/07/2023,0.021875
06/07/2023,0.023551
07/07/2023,0.025445
08/07/2023,0.029972
09/07/2023,0.027891
10/07/2023,0.031765
11/07/2023,0.032691
12/07/2023,0.031910
13/07/2023,0.037012
14/07/2023,0.033328
15/07/2023,0.031990
16/07/2023,0.032356
17/07/2023,0.030540
18/07/2023,0.029151
19/07/2023,0.030435
20/07/2023,0.031646
21/07/2023,0.029573
22/07/2023,0.029362
23/07/2023,0.028719
24/07/2023,0.027346
25/07/2023,0.027958
26/07/2023,0.028105
27/07/2023,0.028181
28/07/2023,0.030583
29/07/2023,0.029413
30/07/2023,0.028458
31/07/2023,0.019313
01/08/2023,0.014763
02/08/2023,0.012795
03/08/2023,0.020662
04/08/2023,0.016980
05/08/2023,0.019598
06/08/2023,0.015656
07/08/2023,0.015951
08/08/2023,0.016082
09/08/2023,0.015562
10/08/2023,0.015374
11/08/2023,0.014188
12/08/2023,0.012585
13/08/2023,0.015274
14/08/2023,0.015095
15/08/2023,0.013600
16/08/2023,0.012540
17/08/2023,0.011613
18/08/2023,0.012429
19/08/2023,0.011929
20/08/2023,0.011754
21/08/2023,0.011149
22/08/2023,0.009912
23/08/2023,0.010113
24/08/2023,0.009423
25/08/2023,0.008990
26/08/2023,0.009819
27/08/2023,0.010645
28/08/2023,0.012422
29/08/2023,0.013127
30/08/2023,0.012865
31/08/2023,0.012050
01/09/2023,0.012103
02/09/2023,0.011975
03/09/2023,0.012102
04/09/2023,0.011566
05/09/2023,0.011805
06/09/2023,0.012182
07/09/2023,0.012079
08/09/2023,0.011410
09/09/2023,0.011258
10/09/2023,0.010789
11/09/2023,0.010018
12/09/2023,0.010382
13/09/2023,0.009878
14/09/2023,0.011265
15/09/2023,0.012396
16/09/2023,0.011639
17/09/2023,0.011333
18/09/2023,0.011418
19/09/2023,0.012389
20/09/2023,0.012152
21/09/2023,0.011548
22/09/2023,0.011568
23/09/2023,0.011406
24/09/2023,0.011313
25/09/2023,0.011036
26/09/2023,0.011451
27/09/2023,0.011156
28/09/2023,0.011739
29/09/2023,0.011703
30/09/2023,0.012240
01/10/2023,0.012309
02/10/2023,0.011629
03/10/2023,0.011041
04/10/2023,0.011591
05/10/2023,0.011685
06/10/2023,0.011678
07/10/2023,0.011369
08/10/2023,0.011068
09/10/2023,0.010744
10/10/2023,0.010346
11/10/2023,0.010434
12/10/2023,0.010074
13/10/2023,0.010204
14/10/2023,0.010180
15/10/2023,0.009894
16/10/2023,0.010452
17/10/2023,0.011111
18/10/2023,0.012294
19/10/2023,0.013214
20/10/2023,0.015627
21/10/2023,0.019040
22/10/2023,0.021471
23/10/2023,0.025604
24/10/2023,0.025771
25/10/2023,0.027140
26/10/2023,0.025730
27/10/2023,0.021856
28/10/2023,0.020709
29/10/2023,0.020457
30/10/2023,0.023154
31/10/2023,0.022848
01/11/2023,0.025320
02/11/2023,0.024270
03/11/2023,0.023164
04/11/2023,0.023847
05/11/2023,0.023695
06/11/2023,0.023252
07/11/2023,0.022850
08/11/2023,0.022330
09/11/2023,0.024215
10/11/2023,0.022637
11/11/2023,0.021973
12/11/2023,0.020481
13/11/2023,0.020197
14/11/2023,0.019899
15/11/2023,0.021275
16/11/2023,0.019736
17/11/2023,0.019140
18/11/2023,0.018815
19/11/2023,0.016628
20/11/2023,0.015574
21/11/2023,0.014676
22/11/2023,0.016774
23/11/2023,0.017346
24/11/2023,0.017317
25/11/2023,0.017093
26/11/2023,0.016570
27/11/2023,0.015867
28/11/2023,0.016483
29/11/2023,0.016237
30/11/2023,0.016586
01/12/2023,0.018481
02/12/2023,0.017438
03/12/2023,0.017197
04/12/2023,0.015031
05/12/2023,0.014432
06/12/2023,0.012837
07/12/2023,0.013136
08/12/2023,0.015300
09/12/2023,0.014321
10/12/2023,0.013887
11/12/2023,0.012751
12/12/2023,0.013072
13/12/2023,0.013203
14/12/2023,0.000000
15/12/2023,0.013357
16/12/2023,0.013182
17/12/2023,0.013494
18/12/2023,0.014757
19/12/2023,0.014904
20/12/2023,0.015194
21/12/2023,0.014773
22/12/2023,0.014930
23/12/2023,0.015573
24/12/2023,0.015276
25/12/2023,0.015571
26/12/2023,0.015033
27/12/2023,0.015396
28/12/2023,0.015190
29/12/2023,0.015707
30/12/2023,0.015852
31/12/2023,0.015070
01/01/2024,0.014880
02/01/2024,0.014168
03/01/2024,0.013101
04/01/2024,0.012905
05/01/2024,0.012953
06/01/2024,0.011783
07/01/2024,0.012743
08/01/2024,0.014814
09/01/2024,0.018164
10/01/2024,0.023912
11/01/2024,0.024737
12/01/2024,0.022909
13/01/2024,0.025265
14/01/2024,0.028580
15/01/2024,0.029780
16/01/2024,0.028700
17/01/2024,0.027972
18/01/2024,0.030860
19/01/2024,0.027468
20/01/2024,0.025163
21/01/2024,0.028410
22/01/2024,0.024565
23/01/2024,0.024991
24/01/2024,0.023937
25/01/2024,0.023112
26/01/2024,0.024792
27/01/2024,0.024574
28/01/2024,0.024737
29/01/2024,0.024909
30/01/2024,0.027423
31/01/2024,0.025404
01/02/2024,0.026398
02/02/2024,0.024848
03/02/2024,0.023597
04/02/2024,0.022558
05/02/2024,0.022889
06/02/2024,0.023690
07/02/2024,0.022965
08/02/2024,0.022887
09/02/2024,0.025203
10/02/2024,0.027576
11/02/2024,0.027514
12/02/2024,0.028560
13/02/2024,0.027620
14/02/2024,0.027570
15/02/2024,0.027202
16/02/2024,0.027740
17/02/2024,0.027394
18/02/2024,0.027252
19/02/2024,0.025300
20/02/2024,0.026157
21/02/2024,0.025211
22/02/2024,0.024778
23/02/2024,0.022316
24/02/2024,0.022786
25/02/2024,0.023602
26/02/2024,0.024479
27/02/2024,0.023883
28/02/2024,0.023417
29/02/2024,0.029140
01/03/2024,0.029030
02/03/2024,0.028380
03/03/2024,0.028600
04/03/2024,0.026766
05/03/2024,0.025556
06/03/2024,0.027700
07/03/2024,0.027750
08/03/2024,0.030270
09/03/2024,0.030150
10/03/2024,0.027486
11/03/2024,0.024867
12/03/2024,0.022573
13/03/2024,0.019317
14/03/2024,0.019138
15/03/2024,0.021763
16/03/2024,0.017182
17/03/2024,0.018565
18/03/2024,0.016686
19/03/2024,0.015039
20/03/2024,0.015898
21/03/2024,0.014835
22/03/2024,0.014390
23/03/2024,0.013447
24/03/2024,0.014208
25/03/2024,0.014292
26/03/2024,0.014096
27/03/2024,0.013512
28/03/2024,0.013697
29/03/2024,0.012913
30/03/2024,0.012663
31/03/2024,0.011678
01/04/2024,0.012692
02/04/2024,0.011812
03/04/2024,0.012126
04/04/2024,0.011623
05/04/2024,0.011282
06/04/2024,0.011761
07/04/2024,0.011661
08/04/2024,0.013019
09/04/2024,0.011916
10/04/2024,0.011196
11/04/2024,0.010379
12/04/2024,0.009397
13/04/2024,0.008968
14/04/2024,0.009908
15/04/2024,0.009580
16/04/2024,0.009528
17/04/2024,0.009478
18/04/2024,0.010908
19/04/2024,0.012155
20/04/2024,0.011532
21/04/2024,0.010648
22/04/2024,0.011612
23/04/2024,0.010599
24/04/2024,0.010060
25/04/2024,0.010426
26/04/2024,0.010242
27/04/2024,0.011524
28/04/2024,0.010963
29/04/2024,0.010629
30/04/2024,0.009657
01/05/2024,0.010724
02/05/2024,0.010640
03/05/2024,0.010538
04/05/2024,0.010888
05/05/2024,0.011152
06/05/2024,0.010726
07/05/2024,0.010118
08/05/2024,0.010702
09/05/2024,0.011846
10/05/2024,0.011616
11/05/2024,0.011148
12/05/2024,0.010883
13/05/2024,0.010652
14/05/2024,0.010256
15/05/2024,0.010922
16/05/2024,0.010086
17/05/2024,0.010230
18/05/2024,0.009937
19/05/2024,0.009378
20/05/2024,0.009986
21/05/2024,0.009432
22/05/2024,0.008941
23/05/2024,0.009265
24/05/2024,0.008974
25/05/2024,0.008946
26/05/2024,0.008737
27/05/2024,0.008429
28/05/2024,0.008634
29/05/2024,0.008310
30/05/2024,0.008121
31/05/2024,0.000000
01/06/2024,0.007815
02/06/2024,0.007754
03/06/2024,0.007947
04/06/2024,0.007950
05/06/2024,0.009390
06/06/2024,0.008791
07/06/2024,0.008192
08/06/2024,0.008125
09/06/2024,0.007921
10/06/2024,0.007590
11/06/2024,0.007464
12/06/2024,0.007863
13/06/2024,0.007553
14/06/2024,0.007310
15/06/2024,0.007157
16/06/2024,0.007132
17/06/2024,0.006873
18/06/2024,0.006784
19/06/2024,0.006861
20/06/2024,0.007027
21/06/2024,0.006758
22/06/2024,0.006647
23/06/2024,0.006584
24/06/2024,0.006613
25/06/2024,0.007004
26/06/2024,0.006821
27/06/2024,0.007368
28/06/2024,0.007443
29/06/2024,0.007383
30/06/2024,0.007312
01/07/2024,0.000000
02/07/2024,0.006884
03/07/2024,0.006591
04/07/2024,0.006171
05/07/2024,0.006138
06/07/2024,0.006196
07/07/2024,0.006004
08/07/2024,0.005776
09/07/2024,0.005887
10/07/2024,0.005708
11/07/2024,0.006210
12/07/2024,0.006373
13/07/2024,0.006653
14/07/2024,0.006707
15/07/2024,0.007100
16/07/2024,0.007101
17/07/2024,0.007354
18/07/2024,0.007684
19/07/2024,0.008543
20/07/2024,0.008364
21/07/2024,0.007989
22/07/2024,0.007808
23/07/2024,0.007657
24/07/2024,0.007660
25/07/2024,0.007344
26/07/2024,0.007549
27/07/2024,0.007376
28/07/2024,0.007082
29/07/2024,0.007129
30/07/2024,0.006921
31/07/2024,0.006715
01/08/2024,0.006801
02/08/2024,0.006305
03/08/2024,0.006101
04/08/2024,0.005965
05/08/2024,0.005636
06/08/2024,0.005876
07/08/2024,0.005391
08/08/2024,0.005978
09/08/2024,0.005506
10/08/2024,0.005744
11/08/2024,0.005490
12/08/2024,0.005673
13/08/2024,0.006037
14/08/2024,0.005922
15/08/2024,0.005760
16/08/2024,0.005996
17/08/2024,0.006042
18/08/2024,0.006012
19/08/2024,0.005976
20/08/2024,0.005951
21/08/2024,0.005838
22/08/2024,0.005813
23/08/2024,0.006055
24/08/2024,0.006156
25/08/2024,0.005940
26/08/2024,0.005757
27/08/2024,0.005547
28/08/2024,0.005396
29/08/2024,0.005322
30/08/2024,0.005308
31/08/2024,0.005405
01/09/2024,0.005156
02/09/2024,0.005049
03/09/2024,0.004887
04/09/2024,0.005022
05/09/2024,0.004974
06/09/2024,0.004802
07/09/2024,0.004809
08/09/2024,0.004779
09/09/2024,0.005039
10/09/2024,0.005375
11/09/2024,0.005269
12/09/2024,0.006580
13/09/2024,0.007485
14/09/2024,0.008164
15/09/2024,0.007534
16/09/2024,0.006945
17/09/2024,0.007881
18/09/2024,0.009232
19/09/2024,0.009690
20/09/2024,0.010528
21/09/2024,0.010672
22/09/2024,0.011123
23/09/2024,0.011811
24/09/2024,0.010805
25/09/2024,0.010691
26/09/2024,0.013028
27/09/2024,0.013710
28/09/2024,0.017048
29/09/2024,0.016577
30/09/2024,0.016294